Data,Otwarcie,Najwyzszy,Najnizszy,Zamkniecie,Wolumen
2012-01-03,40.572,41.344,40.572,41.056,646
2012-01-04,41.176,41.586,41.056,41.447,1561
2012-01-05,41.809,42.069,41.809,42.021,826
2012-01-09,45.907,45.907,42.301,42.301,366
2012-01-10,42.618,42.618,42.384,42.384,517
2012-01-11,45.823,45.823,42.292,42.292,533
2012-01-12,42.618,42.618,41.735,41.735,671
2012-01-13,41.846,41.846,41.846,41.846,23
2012-01-16,42.263,42.263,42.04,42.04,295
2012-01-17,42.143,42.161,41.901,41.901,2438
2012-01-18,42.06,42.06,41.148,41.371,431
2012-01-19,41.614,41.614,41.298,41.427,507
2012-01-20,41.307,41.307,41.307,41.307,37
2012-01-23,40.842,41.083,40.404,40.404,2852
2012-01-24,40.898,40.898,40.722,40.805,43
2012-01-25,40.805,40.898,40.805,40.898,29
2012-01-26,40.423,40.423,40.293,40.293,154
2012-01-27,40.2,40.257,39.42,40.257,2058
2012-01-30,39.783,39.977,39.783,39.977,125
2012-01-31,39.981,39.981,39.606,39.849,385
2012-02-01,39.847,39.847,39.717,39.717,26
2012-02-02,39.642,39.884,39.579,39.783,2302
2012-02-03,39.865,39.968,39.865,39.968,325
2012-02-07,39.968,39.968,39.968,39.968,12
2012-02-08,41.826,41.826,39.856,39.968,484
2012-02-09,39.958,40.042,39.958,40.042,94
2012-02-10,40.266,40.423,39.874,40.423,151
2012-02-13,40.526,40.526,40.312,40.312,316
2012-02-14,40.247,40.284,40.079,40.079,283
2012-02-15,40.675,40.981,40.453,40.981,55675
2012-02-16,41.371,41.371,40.861,41.176,18014
2012-02-17,41.371,41.371,40.453,40.516,64591
2012-02-20,40.787,40.787,40.609,40.609,392
2012-02-21,40.619,40.619,40.592,40.592,9
2012-02-22,42.18,42.18,40.675,40.675,12
2012-02-23,40.675,40.675,40.21,40.21,123
2012-02-24,40.174,40.174,40.061,40.061,97
2012-02-27,40.061,40.061,39.708,39.82,225
2012-02-28,39.503,39.503,39.503,39.503,104
2012-02-29,39.503,39.792,39.494,39.494,81
2012-03-01,39.579,39.847,39.494,39.494,206
2012-03-02,39.783,40.015,39.783,40.015,190
2012-03-05,41.696,41.696,40.275,40.275,257
2012-03-06,40.099,40.227,40.051,40.051,166
2012-03-07,40.061,40.488,40.061,40.488,329
2012-03-08,40.619,40.619,39.865,39.865,211
2012-03-09,40.061,40.061,39.968,39.968,431
2012-03-13,40.747,40.747,40.747,40.747,10
2012-03-14,41.381,41.735,41.381,41.641,368
2012-03-15,41.548,41.92,41.548,41.92,36
2012-03-16,41.826,41.836,41.826,41.836,34
2012-03-19,42.292,42.292,41.409,41.409,37
2012-03-20,41.409,41.53,41.409,41.418,251
2012-03-21,41.418,41.418,41.418,41.418,20
2012-03-22,41.744,41.744,41.298,41.298,2147
2012-03-26,41.223,41.223,41.223,41.223,10
2012-03-27,41.558,41.558,41.548,41.548,40
2012-03-28,41.548,41.594,41.548,41.594,23
2012-03-29,41.39,41.39,41.39,41.39,191
2012-04-02,41.344,41.371,41.344,41.363,16165
2012-04-03,41.363,41.455,41.363,41.455,109
2012-04-04,41.548,41.826,41.548,41.826,113
2012-04-05,41.493,42.03,41.493,42.03,100
2012-04-10,42.245,42.245,41.567,41.716,156
2012-04-11,41.363,41.363,41.363,41.363,134
2012-04-12,40.898,41.437,40.898,41.363,227
2012-04-13,41.633,41.633,41.633,41.633,3
2012-04-16,41.483,41.865,41.483,41.865,54
2012-04-17,42.245,42.245,41.577,41.577,58
2012-04-18,41.8,41.8,41.8,41.8,36
2012-04-19,41.901,41.901,41.586,41.586,3281
2012-04-23,42.292,42.292,42.292,42.292,3249
2012-04-24,41.083,41.447,41.037,41.037,7541
2012-04-25,41.483,41.483,41.056,41.056,5516
2012-04-26,41.269,41.269,41.269,41.269,34
2012-04-27,41.986,41.986,41.875,41.92,58
2012-04-30,41.809,41.809,41.363,41.363,155
2012-05-02,41.8,42.069,41.8,42.069,15
2012-05-07,41.418,41.418,41.418,41.418,88
2012-05-08,41.418,41.418,41.214,41.214,155
2012-05-09,41.223,41.223,41.223,41.223,5
2012-05-10,41.986,41.986,41.986,41.986,2
2012-05-11,42.06,42.06,42.06,42.06,35
2012-05-14,42.525,42.525,42.088,42.339,318
2012-05-15,42.478,42.98,42.478,42.98,116
2012-05-16,43.129,43.129,42.869,43.129,569
2012-05-17,42.942,42.942,42.879,42.879,51
2012-05-18,42.384,42.384,42.237,42.237,73
2012-05-21,41.826,41.826,41.826,41.826,4
2012-05-22,42.078,42.375,42.078,42.375,72
2012-05-23,43.015,43.015,42.793,42.793,27
2012-05-24,42.86,43.276,42.86,43.276,24
2012-05-28,43.427,43.49,43.427,43.49,42
2012-05-29,43.676,43.676,43.676,43.676,47
2012-05-30,43.676,43.676,43.676,43.676,5
2012-05-31,43.704,44.047,43.704,44.047,431
2012-06-01,43.872,43.975,43.872,43.975,161
2012-06-04,43.975,43.975,43.975,43.975,1
2012-06-05,42.098,42.098,42.098,42.098,215
2012-06-06,43.686,43.686,42.292,42.292,306
2012-06-08,42.645,42.645,42.552,42.552,391
2012-06-11,43.223,43.223,43.223,43.223,237
2012-06-12,44.337,44.337,42.942,42.942,423
2012-06-13,43.435,43.435,43.389,43.389,176
2012-06-14,42.962,42.962,42.962,42.962,22
2012-06-15,42.802,42.802,42.802,42.802,28
2012-06-18,42.99,43.241,42.665,43.241,253
2012-06-19,43.241,43.241,43.203,43.203,176
2012-06-20,43.11,43.165,43.11,43.155,550
2012-06-21,43.165,43.165,42.869,42.869,369
2012-06-22,43.035,43.035,42.757,42.757,177
2012-06-25,44.514,44.514,42.665,42.665,273
2012-06-26,42.468,42.468,42.468,42.468,11
2012-06-27,42.365,42.757,42.365,42.701,131
2012-06-28,43.073,43.435,43.073,43.314,167
2012-06-29,43.04,43.04,42.544,42.908,187
2012-07-03,43.194,43.194,43.129,43.129,69
2012-07-05,45.499,45.499,43.5,44.319,127
2012-07-06,43.771,43.771,43.771,43.771,5
2012-07-09,44.309,44.309,44.309,44.309,55
2012-07-13,44.337,44.337,43.342,43.566,78
2012-07-16,43.723,43.723,43.723,43.723,183
2012-07-17,43.779,43.779,43.779,43.779,17
2012-07-18,43.324,43.854,43.324,43.834,291
2012-07-19,43.788,43.788,43.788,43.788,539
2012-07-20,43.686,43.882,43.686,43.752,223
2012-07-23,44.188,44.188,44.188,44.188,14
2012-07-24,43.825,43.825,43.825,43.825,19
2012-07-25,43.584,43.584,43.407,43.407,253
2012-07-26,43.015,43.015,42.665,42.665,250
2012-07-27,43.232,43.232,43.232,43.232,22
2012-07-30,43.5,43.5,43.5,43.5,20
2012-08-01,43.528,43.528,43.528,43.528,10
2012-08-02,43.407,43.407,43.407,43.407,22
2012-08-03,43.5,43.5,43.472,43.472,212
2012-08-06,43.146,43.146,43.146,43.146,184
2012-08-07,42.897,42.897,42.897,42.897,119
2012-08-09,43.305,43.788,43.241,43.788,153
2012-08-16,43.965,44.152,43.575,43.575,372
2012-08-17,43.854,43.854,43.854,43.854,52
2012-08-20,44.029,44.029,44.001,44.001,87
2012-08-21,43.686,43.686,43.453,43.453,189
2012-08-23,43.427,43.427,43.286,43.286,155
2012-08-24,42.942,42.942,42.942,42.942,16
2012-08-28,43.223,43.223,43.223,43.223,305
2012-08-29,43.5,43.872,43.223,43.872,100
2012-08-30,44.16,44.16,44.152,44.152,142
2012-08-31,44.154,44.154,44.135,44.135,260
2012-09-03,44.337,44.337,44.281,44.281,121
2012-09-04,44.152,44.152,43.937,44.105,26
2012-09-05,44.105,44.105,44.077,44.077,92
2012-09-06,44.143,44.143,43.994,43.994,28
2012-09-07,43.686,43.686,43.686,43.686,109
2012-09-11,43.342,43.463,42.785,42.785,330
2012-09-12,42.635,42.635,42.635,42.635,3206
2012-09-14,42.757,43.025,42.655,42.869,1531
2012-09-17,42.84,43.223,42.665,43.223,140
2012-09-19,43.686,43.733,43.686,43.733,120
2012-09-20,43.854,43.854,43.854,43.854,1291
2012-09-21,43.834,43.834,43.834,43.834,30
2012-09-24,43.955,44.216,43.854,44.216,139
2012-09-25,44.337,44.337,44.216,44.216,104
2012-09-27,43.686,43.686,43.686,43.686,105
2012-09-28,43.685,43.685,43.228,43.228,260
2012-10-02,43.453,43.453,43.091,43.091,336
2012-10-03,43.602,43.602,43.602,43.602,8
2012-10-04,43.435,43.435,43.36,43.36,49
2012-10-11,42.922,43.129,42.922,43.129,11
2012-10-15,42.422,42.422,42.422,42.422,109
2012-10-16,44.152,44.152,44.152,44.152,11
2012-10-22,44.615,44.615,42.237,42.655,2444
2012-10-25,42.728,42.812,42.728,42.812,53
2012-10-29,46.102,46.102,42.71,42.775,213
2012-10-30,42.422,46.112,42.422,46.112,60
2012-10-31,42.769,42.778,42.572,42.572,536
2012-11-02,43.015,43.015,43.015,43.015,21
2012-11-05,46.929,46.929,43.045,43.129,79
2012-11-06,43.295,43.314,43.295,43.314,58
2012-11-08,46.846,46.846,46.846,46.846,8
2012-11-09,42.757,42.922,42.218,42.922,1038
2012-11-12,44.289,44.289,42.85,42.85,83
2012-11-13,42.757,42.757,42.757,42.757,52
2012-11-14,42.478,42.478,42.478,42.478,794
2012-11-15,41.567,41.567,41.548,41.548,65
2012-11-16,41.938,41.938,41.875,41.875,503
2012-11-19,42.143,42.227,41.771,42.227,315
2012-11-20,42.384,42.403,42.263,42.321,193
2012-11-21,42.365,42.365,42.365,42.365,66
2012-11-22,42.292,42.292,42.292,42.292,141
2012-11-23,42.18,42.18,41.968,41.968,118
2012-11-26,42.478,42.478,41.781,41.781,358
2012-11-27,42.19,42.19,42.19,42.19,22
2012-11-28,42.013,42.013,41.977,41.977,76
2012-11-29,42.237,42.339,42.106,42.339,281
2012-11-30,42.106,42.479,42.106,42.33,817
2012-12-03,42.478,42.478,42.106,42.106,155
2012-12-04,42.124,42.124,42.106,42.106,41
2012-12-05,42.124,42.124,41.823,42.038,103
2012-12-06,41.965,42.142,41.965,42.142,20
2012-12-07,42.479,42.76,42.479,42.76,1479
2012-12-10,44.275,44.275,42.76,42.76,103
2012-12-11,42.572,42.572,42.33,42.33,25
2012-12-12,42.404,42.731,42.404,42.647,399
2012-12-13,42.563,42.563,42.563,42.563,20
2012-12-14,42.254,42.291,41.749,41.749,791
2012-12-17,41.767,41.767,41.767,41.767,155
2012-12-18,42.301,42.301,42.17,42.17,298
2012-12-19,40.786,42.208,40.786,42.208,260
2012-12-20,41.609,41.609,41.562,41.562,1603
2012-12-21,42.208,42.208,41.337,41.619,384
2012-12-27,41.301,41.375,41.16,41.207,485
2012-12-28,41.413,41.413,41.366,41.366,142
2013-01-02,43.03,43.03,41.879,42.432,3065
2013-01-03,43.03,43.348,42.908,43.348,323
2013-01-04,43.424,43.91,43.424,43.91,85
2013-01-07,43.966,43.966,43.966,43.966,131
2013-01-08,43.649,43.649,43.649,43.649,52
2013-01-10,43.404,43.404,43.03,43.03,80
2013-01-11,42.805,43.012,42.805,42.985,309
2013-01-14,43.966,43.966,43.151,43.151,22
2013-01-16,43.05,43.05,42.882,42.882,65
2013-01-17,44.901,44.901,43.124,43.124,40
2013-01-18,44.901,44.901,43.228,43.966,456
2013-01-21,44.059,44.266,43.761,44.266,428
2013-01-22,44.901,44.901,44.107,44.107,192
2013-01-23,43.976,44.257,43.976,44.257,161
2013-01-24,44.584,44.584,44.584,44.584,55
2013-01-25,44.621,44.621,44.219,44.219,241
2013-01-28,44.471,44.471,44.378,44.378,38
2013-01-30,44.406,44.406,44.406,44.406,1123
2013-01-31,43.947,43.947,43.947,43.947,20
2013-02-01,43.611,43.854,43.517,43.517,82
2013-02-04,43.517,43.919,43.517,43.676,68
2013-02-05,43.779,44.154,43.779,44.154,39
2013-02-06,44.461,44.461,44.154,44.154,28
2013-02-07,44.574,44.574,44.574,44.574,35
2013-02-11,44.434,44.856,44.434,44.807,54
2013-02-12,45.024,45.024,45.024,45.024,5
2013-02-13,44.836,44.836,44.836,44.836,5
2013-02-14,44.715,44.807,44.715,44.807,428
2013-02-15,45.743,45.743,44.976,45.388,469
2013-02-18,45.024,45.228,45.024,45.228,86
2013-02-19,42.096,45.277,42.096,45.277,134
2013-02-20,45.648,45.648,44.92,44.92,18
2013-02-21,45.398,45.398,45.351,45.351,87
2013-02-22,45.302,45.302,45.302,45.302,82
2013-02-25,45.37,45.37,45.145,45.145,148
2013-02-26,44.827,44.947,44.827,44.947,2519
2013-02-27,45.135,45.277,45.135,45.277,300
2013-02-28,44.65,45.648,44.65,45.648,238
2013-03-01,45.547,45.743,45.547,45.743,58
2013-03-04,45.707,45.707,45.707,45.707,28
2013-03-05,46.127,46.483,46.127,46.483,438
2013-03-06,46.771,46.771,46.547,46.547,124
2013-03-07,46.82,46.82,46.584,46.642,8613
2013-03-08,46.669,46.903,46.23,46.903,442
2013-03-11,47.241,47.241,46.521,46.688,236
2013-03-12,46.688,46.866,46.688,46.866,150
2013-03-13,46.866,46.866,46.771,46.771,17
2013-03-14,50.046,50.046,47.707,47.707,166
2013-03-15,47.334,47.334,47.193,47.193,381
2013-03-18,47.193,47.381,46.96,46.96,92
2013-03-20,47.334,47.895,47.334,47.895,285
2013-03-21,47.988,47.988,47.895,47.895,35
2013-03-22,47.895,47.895,47.381,47.707,43
2013-03-26,47.707,48.175,47.707,48.175,84
2013-03-27,48.643,48.643,48.362,48.362,52
2013-03-28,48.735,48.735,48.27,48.27,39
2013-04-02,49.158,49.158,48.692,48.877,185
2013-04-03,51.449,51.449,48.643,48.735,267
2013-04-04,48.735,48.735,48.316,48.316,125
2013-04-05,48.316,48.316,47.147,47.241,343
2013-04-08,47.193,47.193,46.576,46.576,281
2013-04-10,46.96,46.96,46.96,46.96,18
2013-04-11,47.241,47.241,47.147,47.147,64
2013-04-12,47.848,47.848,47.707,47.707,272
2013-04-15,47.446,47.503,47.287,47.287,29
2013-04-17,47.707,47.707,46.4,46.557,121
2013-04-18,47.231,47.231,45.837,46.771,139
2013-04-19,46.07,46.07,46.07,46.07,55
2013-04-22,46.538,46.538,46.538,46.538,40
2013-04-23,47.231,47.707,47.231,47.409,75
2013-04-24,47.707,48.064,47.707,48.064,26
2013-04-25,48.148,48.148,48.148,48.148,20
2013-04-29,47.707,48.091,47.642,48.025,343
2013-04-30,48.645,48.645,47.798,47.798,3970
2013-05-06,48.419,48.643,48.419,48.643,31
2013-05-07,47.707,48.849,47.707,48.849,128
2013-05-08,48.849,48.849,48.849,48.849,265
2013-05-09,48.924,48.924,48.924,48.924,25
2013-05-10,49.205,49.757,49.205,49.757,13448
2013-05-13,49.728,50.009,49.728,50.009,531
2013-05-14,50.318,51.338,50.318,50.571,2205
2013-05-15,51.449,51.449,50.703,51.076,131
2013-05-16,51.076,51.514,51.076,51.439,8425
2013-05-17,51.403,51.692,51.384,51.692,13393
2013-05-20,51.683,51.683,51.261,51.524,608
2013-05-22,51.618,51.618,51.581,51.59,109
2013-05-23,51.59,51.59,50.618,50.618,263
2013-05-24,51.159,51.159,50.703,50.703,203
2013-05-27,51.235,51.281,51.198,51.198,24
2013-05-28,51.646,51.777,51.497,51.777,219
2013-05-29,51.445,51.709,51.445,51.709,55
2013-05-31,51.709,51.729,51.709,51.729,40
2013-06-03,49.345,51.338,49.345,50.842,766
2013-06-04,51.078,51.078,50.192,50.559,38832
2013-06-05,50.984,50.984,50.456,50.531,69
2013-06-06,50.136,50.136,49.891,50.136,126
2013-06-07,50.141,50.141,50.141,50.141,18
2013-06-10,50.842,50.917,50.327,50.327,936
2013-06-11,52.711,52.711,49.831,49.831,270
2013-06-12,49.785,50.104,49.615,49.615,184
2013-06-13,50.505,50.505,48.578,49.429,160
2013-06-14,49.58,49.634,49.429,49.429,110
2013-06-17,49.58,49.58,49.58,49.58,25
2013-06-18,51.435,51.435,49.767,50.051,191
2013-06-19,49.953,49.953,49.765,49.765,207
2013-06-20,50.392,50.468,50.186,50.186,150
2013-06-21,50.513,50.513,50.513,50.513,10
2013-06-24,50.289,50.289,50.151,50.151,53
2013-06-25,50.513,50.513,49.861,49.861,61
2013-06-26,49.843,51.078,49.843,51.078,26821
2013-06-27,50.634,51.313,50.634,51.313,14827
2013-06-28,51.261,51.423,50.813,51.31,14864
2013-07-01,51.143,51.379,51.143,51.379,226
2013-07-02,51.539,51.539,51.078,51.078,16807
2013-07-03,51.096,51.539,51.096,51.539,584
2013-07-04,53.792,53.792,51.832,51.832,95
2013-07-05,51.87,52.388,51.87,52.333,647
2013-07-08,52.275,52.747,52.275,52.747,123
2013-07-09,55.376,55.376,52.944,53.228,6619
2013-07-10,53.301,53.51,53.301,53.311,85
2013-07-11,54.669,54.669,52.972,52.972,1051
2013-07-12,54.632,54.632,53.15,53.292,217
2013-07-15,53.292,53.292,52.821,52.925,168
2013-07-16,52.992,52.992,51.729,51.729,1977
2013-07-17,52.161,52.161,51.729,51.729,100
2013-07-18,52.19,52.492,52.19,52.492,5373
2013-07-19,51.841,52.407,51.841,52.407,142
2013-07-22,52.19,52.992,51.936,52.011,147
2013-07-23,52.785,52.785,51.775,51.775,143
2013-07-24,51.841,51.87,51.275,51.275,636
2013-07-25,51.559,51.559,51.559,51.559,64
2013-07-26,51.653,51.653,51.275,51.275,55
2013-07-29,51.832,51.832,51.832,51.832,36
2013-07-30,51.841,51.841,51.343,51.803,3338
2013-07-31,51.803,52.058,51.803,52.058,219
2013-08-01,52.18,52.314,52.068,52.314,475
2013-08-02,52.757,52.86,52.304,52.304,195
2013-08-05,52.323,52.323,51.88,51.88,5230
2013-08-06,51.984,51.984,51.483,51.483,239
2013-08-07,51.474,51.672,51.275,51.275,116
2013-08-08,51.116,51.408,50.427,50.427,510
2013-08-09,50.634,51.059,50.569,50.569,386
2013-08-12,50.898,50.936,50.898,50.936,35
2013-08-13,51.653,51.653,50.936,51.096,61
2013-08-14,51.549,51.549,51.182,51.182,107
2013-08-16,50.898,50.898,50.295,50.295,239
2013-08-19,51.435,51.435,50.231,50.38,525
2013-08-20,52.785,52.785,49.767,49.767,253
2013-08-21,49.767,49.956,49.767,49.956,251
2013-08-22,52.275,52.275,49.891,50.371,342
2013-08-26,50.371,50.371,50.371,50.371,16
2013-08-27,50.466,50.466,49.861,50.051,79
2013-08-28,50.003,50.003,50.003,50.003,24
2013-08-29,49.276,50.569,49.276,50.295,1093
2013-08-30,50.814,50.814,50.814,50.814,240
2013-09-02,51.135,51.135,50.617,50.617,30
2013-09-03,51.135,51.465,51.135,51.465,81
2013-09-04,52.265,52.265,51.068,51.078,184
2013-09-05,51.699,52.19,51.699,52.19,2253
2013-09-06,52.209,52.228,51.512,51.512,53153
2013-09-09,51.955,52.247,51.748,51.748,39865
2013-09-10,52.199,52.199,51.568,51.568,34375
2013-09-11,52.247,52.247,51.192,51.192,60329
2013-09-12,51.455,51.455,51.389,51.389,105
2013-09-13,51.465,51.465,50.853,50.956,153
2013-09-16,51.418,51.634,51.37,51.37,264
2013-09-17,51.512,51.672,51.182,51.672,248
2013-09-18,51.672,51.672,51.52,51.52,212
2013-09-19,50.898,51.37,50.898,51.323,311
2013-09-20,50.805,51.503,50.805,51.503,267
2013-09-23,52.247,52.247,51.37,51.37,321
2013-09-24,50.898,51.323,50.898,51.323,56
2013-09-25,51.323,51.323,50.898,50.898,403
2013-09-26,50.683,51.248,50.683,51.248,38
2013-09-27,52.247,52.247,50.617,50.617,120
2013-09-30,52.247,52.247,50.427,50.427,181
2013-10-01,50.663,50.786,50.663,50.786,42
2013-10-02,50.898,50.898,50.003,50.003,825
2013-10-03,49.956,49.956,49.861,49.861,2092
2013-10-04,49.767,49.767,49.767,49.767,38
2013-10-07,50.88,50.88,49.494,49.796,5411
2013-10-08,49.485,49.485,49.485,49.485,39
2013-10-09,49.993,49.993,49.296,49.532,5649
2013-10-10,49.815,50.116,49.767,50.116,152
2013-10-11,50.116,50.116,49.91,49.91,20
2013-10-14,50.343,50.343,50.238,50.238,432
2013-10-15,50.918,51.096,50.54,50.54,4958
2013-10-16,50.531,50.607,50.531,50.607,1069
2013-10-17,52.247,52.247,50.493,50.625,469
2013-10-18,50.607,51.022,50.607,51.022,96
2013-10-21,52.19,52.19,51.361,51.361,186
2013-10-22,50.898,51.361,50.898,51.323,270
2013-10-23,51.813,51.813,50.521,50.521,5075
2013-10-24,51.559,51.559,50.805,50.805,330
2013-10-25,51.192,51.192,50.747,50.956,61
2013-10-28,51.37,51.465,51.323,51.465,237
2013-10-29,51.559,51.597,51.559,51.597,154
2013-10-30,51.699,51.699,51.672,51.672,1187
2013-10-31,52.209,52.209,51.699,51.841,222
2013-11-04,51.841,52.314,51.841,52.314,281
2013-11-05,52.775,52.775,52.333,52.333,230
2013-11-06,54.168,54.168,52.314,52.482,327
2013-11-07,51.37,53.066,51.37,53.066,246
2013-11-08,52.265,52.944,52.209,52.944,440
2013-11-12,53.726,53.726,53.17,53.416,388
2013-11-13,53.416,53.416,52.888,52.888,28
2013-11-14,53.444,53.585,53.283,53.566,198
2013-11-15,53.566,53.566,53.539,53.539,179
2013-11-18,54.065,54.065,53.096,53.548,679
2013-11-19,54.168,54.168,52.925,52.972,1082
2013-11-20,52.87,53.698,52.87,53.679,30
2013-11-21,53.726,53.726,53.689,53.726,80
2013-11-22,53.726,53.726,53.406,53.726,527
2013-11-25,53.726,54.178,53.726,54.104,1068
2013-11-26,53.453,53.972,53.453,53.972,177
2013-11-27,53.972,53.972,53.369,53.369,55
2013-11-28,54.198,54.198,53.5,53.726,166
2013-11-29,53.726,53.726,53.576,53.576,219
2013-12-02,53.953,53.953,53.953,53.953,2
2013-12-03,53.539,53.539,53.539,53.539,6
2013-12-04,53.066,53.539,53.066,53.301,559
2013-12-05,52.785,52.785,52.785,52.785,28
2013-12-06,54.661,54.661,53.02,53.066,73
2013-12-09,53.255,53.255,53.218,53.218,28
2013-12-10,53.18,53.18,52.811,52.879,18
2013-12-11,52.973,52.973,52.433,52.433,2677
2013-12-12,52.138,52.138,51.674,51.674,194
2013-12-13,52.262,52.262,52.148,52.157,370
2013-12-16,52.148,52.148,51.674,51.674,215
2013-12-17,52.148,52.148,52.053,52.148,233
2013-12-18,52.148,52.375,52.148,52.375,74
2013-12-19,53.097,53.304,53.097,53.286,13467
2013-12-20,53.381,54.044,53.353,53.39,4434
2013-12-23,53.57,53.807,53.57,53.731,2324
2013-12-27,51.636,53.57,51.636,53.57,105
2013-12-30,53.713,53.731,53.713,53.713,4708
2014-01-02,54.044,54.433,54.044,54.186,17
2014-01-03,54.044,54.406,53.96,54.406,1286
2014-01-07,54.993,54.993,54.328,54.566,1812
2014-01-08,54.566,54.566,54.054,54.328,215
2014-01-09,54.166,54.613,54.166,54.613,259
2014-01-10,54.613,54.898,53.608,54.044,6529
2014-01-13,53.57,56.888,53.57,56.888,4889
2014-01-14,53.608,53.608,53.097,53.172,5985
2014-01-15,54.036,54.518,54.036,54.518,502
2014-01-16,56.348,56.348,54.462,54.576,248
2014-01-17,54.643,54.643,54.643,54.643,52
2014-01-20,54.623,54.623,54.423,54.584,630
2014-01-21,55.923,55.923,54.878,54.964,146
2014-01-22,54.925,54.925,54.832,54.832,79
2014-01-23,54.141,54.406,53.589,53.987,5468
2014-01-24,53.865,54.149,53.239,53.239,6109
2014-01-27,53.239,53.239,52.746,52.831,314
2014-01-28,53.107,53.182,53.012,53.012,138
2014-01-29,53.448,53.57,52.688,53.304,11338
2014-01-30,53.304,53.911,53.286,53.911,337
2014-01-31,53.474,54.186,53.381,54.186,3354
2014-02-03,54.993,54.993,53.57,53.771,511
2014-02-04,54.993,54.993,52.613,52.963,1809
2014-02-05,53.097,53.097,51.722,51.722,471
2014-02-06,52.148,52.642,52.148,52.556,10414
2014-02-07,53.087,53.143,52.642,52.746,1895
2014-02-10,54.044,54.044,53.192,53.202,1438
2014-02-11,53.239,53.56,53.239,53.419,5095
2014-02-12,54.044,54.044,53.474,53.987,257
2014-02-13,54.044,54.044,53.362,53.362,134
2014-02-14,54.423,54.423,53.107,53.599,2253
2014-02-17,54.518,54.518,53.865,53.865,208
2014-02-18,54.044,54.044,53.362,53.362,2230
2014-02-19,54.613,54.613,53.438,53.524,193
2014-02-20,53.855,53.855,53.845,53.845,2
2014-02-21,54.613,54.613,53.815,53.815,146
2014-02-24,53.855,54.006,53.815,54.006,97
2014-02-25,54.102,54.102,53.95,53.987,88
2014-02-26,54.311,54.357,54.311,54.357,53
2014-02-27,54.746,54.746,54.357,54.518,72
2014-02-28,54.746,54.746,54.196,54.377,157
2014-03-03,55.903,55.903,53.885,54.414,1120
2014-03-04,55.923,55.923,54.708,54.708,419
2014-03-05,54.708,55.362,54.708,55.362,1653
2014-03-06,55.941,55.941,54.993,55.011,250
2014-03-07,55.941,55.941,54.888,55.181,2476
2014-03-10,55.941,55.941,54.993,55.021,208
2014-03-11,55.041,55.041,54.823,55.041,1958
2014-03-12,56.871,56.871,54.755,54.964,2452
2014-03-13,57.363,57.363,54.85,54.85,1520
2014-03-14,56.756,56.756,54.157,54.166,218
2014-03-17,54.547,54.613,54.166,54.216,152
2014-03-18,55.466,55.466,54.689,54.898,132
2014-03-19,54.898,54.898,54.141,54.141,6235
2014-03-20,55.466,55.466,54.67,54.67,42
2014-03-21,54.993,55.552,54.993,55.552,34
2014-03-24,55.941,55.941,54.737,54.737,7994
2014-03-25,55.847,55.847,54.727,54.737,62
2014-03-26,54.993,55.041,54.765,55.041,588
2014-03-27,55.087,55.087,54.054,54.131,332
2014-03-28,55.923,55.923,54.423,54.518,151
2014-03-31,54.993,54.993,54.708,54.925,205
2014-04-01,55.181,55.181,54.925,54.925,1007
2014-04-02,55.041,55.552,55.041,55.466,690
2014-04-03,55.923,55.923,55.174,55.798,126
2014-04-04,55.798,55.923,55.476,55.476,1981
2014-04-07,55.933,55.933,54.945,55.181,493
2014-04-08,54.945,54.945,53.95,53.95,263
2014-04-09,54.423,54.423,54.328,54.423,18
2014-04-10,55.941,55.941,54.386,54.386,483
2014-04-11,54.386,54.386,53.286,53.286,211
2014-04-14,54.993,54.993,53.381,53.57,240
2014-04-15,54.044,54.111,53.93,54.111,668
2014-04-16,55.752,55.752,54.518,54.518,5144
2014-04-17,54.679,54.765,54.584,54.765,466
2014-04-22,55.646,55.646,54.679,54.755,5763
2014-04-23,55.181,55.324,54.832,54.832,465
2014-04-24,54.337,55.456,54.337,54.964,462
2014-04-25,55.466,55.466,55.031,55.087,300
2014-04-28,55.446,55.446,54.993,54.993,198
2014-04-29,54.518,55.353,54.518,55.087,475
2014-04-30,55.087,55.087,54.917,54.993,25
2014-05-02,55.446,55.466,55.446,55.466,132
2014-05-05,55.087,55.23,54.794,55.087,273
2014-05-06,55.476,55.476,54.86,55.22,1477
2014-05-07,55.324,55.324,54.452,54.67,244
2014-05-08,54.67,55.324,54.67,55.324,62
2014-05-09,55.466,55.466,55.078,55.249,74
2014-05-12,55.466,55.476,55.456,55.476,1640
2014-05-13,55.656,55.941,55.656,55.941,1629
2014-05-14,55.941,56.311,55.941,56.264,60
2014-05-15,55.466,56.189,55.466,56.14,179
2014-05-16,56.14,56.14,55.466,55.466,451
2014-05-19,56.879,56.879,55.561,55.694,46
2014-05-20,55.941,55.941,55.591,55.923,195
2014-05-21,55.923,55.941,55.466,55.941,114
2014-05-22,55.941,56.121,55.941,56.036,293
2014-05-23,56.13,56.302,56.13,56.189,112
2014-05-26,56.319,56.462,56.319,56.319,231
2014-05-27,56.416,56.416,56.416,56.416,1
2014-05-28,56.462,56.879,56.462,56.766,54
2014-05-29,56.888,56.888,56.595,56.595,115
2014-05-30,56.852,56.888,56.416,56.708,55
2014-06-02,57.762,57.762,56.794,56.794,224
2014-06-03,56.898,56.898,56.794,56.794,30
2014-06-04,57.363,57.363,56.699,56.794,253
2014-06-05,56.842,56.888,56.766,56.888,70
2014-06-06,56.888,56.888,56.605,56.605,1361
2014-06-09,57.838,57.838,56.557,56.557,926
2014-06-10,57.458,57.458,57.458,57.458,16
2014-06-11,56.898,57.667,56.898,57.458,397
2014-06-12,57.458,57.514,57.258,57.514,121
2014-06-13,57.554,57.554,56.984,57.078,134
2014-06-16,57.078,57.078,57.078,57.078,4
2014-06-17,57.363,57.771,57.363,57.771,169
2014-06-18,57.838,57.838,57.554,57.724,126
2014-06-20,57.838,58.643,57.838,58.643,97
2014-06-23,58.643,58.643,58.501,58.568,83
2014-06-24,58.643,58.643,58.122,58.122,164
2014-06-25,57.838,58.056,57.838,57.838,218
2014-06-26,57.742,57.838,57.562,57.838,60
2014-06-27,57.838,57.838,57.609,57.609,149
2014-06-30,57.838,57.933,57.838,57.933,74
2014-07-01,58.122,58.387,58.026,58.387,716
2014-07-02,58.786,58.786,58.387,58.387,23
2014-07-03,58.605,58.786,58.605,58.786,109
2014-07-04,58.786,58.984,58.786,58.984,64
2014-07-07,59.686,59.686,58.786,58.786,461
2014-07-08,58.79,58.79,58.282,58.282,799
2014-07-09,58.75,58.75,57.786,58.102,657
2014-07-10,59.084,59.084,58.044,58.274,215
2014-07-11,59.544,59.544,57.892,57.892,336
2014-07-14,58.531,58.675,58.531,58.675,85
2014-07-15,59.478,59.478,58.608,58.608,81
2014-07-16,59.019,59.019,58.703,59.019,60
2014-07-17,59.019,59.019,58.465,58.465,113
2014-07-18,58.646,58.703,58.465,58.465,90
2014-07-21,59.514,59.514,58.55,58.636,643
2014-07-23,59.4,59.478,59.134,59.134,932
2014-07-24,58.656,59.143,58.656,59.143,32
2014-07-25,59.495,59.544,59.495,59.544,119
2014-07-28,59.564,59.609,58.846,58.846,154
2014-07-29,59.583,59.583,59.583,59.583,22
2014-07-30,59.583,59.601,59.373,59.601,117
2014-07-31,59.419,59.419,59.094,59.353,388
2014-08-01,58.636,58.636,58.321,58.56,448
2014-08-04,58.75,58.75,58.359,58.359,124
2014-08-05,58.75,58.75,58.685,58.685,20
2014-08-06,58.685,58.703,58.685,58.685,82
2014-08-07,58.703,59,58.656,58.656,146
2014-08-08,59.601,59.601,58.274,58.675,149
2014-08-11,58.75,59.21,58.75,58.856,564
2014-08-12,59.468,59.468,59.373,59.373,19
2014-08-13,59.707,59.707,59.228,59.295,138
2014-08-14,59.134,59.419,59.134,59.363,138
2014-08-18,59.849,60.183,59.822,59.822,78
2014-08-19,63.862,63.862,60.442,60.642,349
2014-08-20,60.337,60.948,60.317,60.948,170
2014-08-21,60.948,61.301,60.948,60.948,145
2014-08-22,61.292,61.33,61.283,61.283,80
2014-08-25,61.283,61.751,61.253,61.359,199
2014-08-26,63.557,63.557,61.674,61.971,318
2014-08-27,62.095,62.2,61.971,62.105,288
2014-08-28,62.381,62.494,61.741,62.494,308
2014-08-29,64.483,64.483,62.381,62.381,536
2014-09-01,63.049,63.049,62.572,62.64,318
2014-09-02,64.96,64.96,62.801,62.858,438
2014-09-03,63.91,63.91,62.58,62.954,1501
2014-09-04,62.954,63.049,62.401,63.049,369
2014-09-05,64.951,64.951,62.391,62.839,286
2014-09-08,62.659,62.839,62.659,62.839,29
2014-09-09,63.049,63.527,63.049,63.268,251
2014-09-10,64.005,64.005,63.02,63.02,1631
2014-09-11,63.966,63.966,62.572,63.145,291
2014-09-12,64.922,64.922,62.811,63.183,177
2014-09-15,64.942,64.942,62.668,62.668,149
2014-09-16,62.763,62.763,62.695,62.695,150
2014-09-17,63.231,63.231,62.62,62.62,583
2014-09-18,62.59,63.718,62.59,63.718,229
2014-09-19,64.244,64.244,63.852,63.852,159
2014-09-22,64.005,64.005,63.758,63.758,386
2014-09-23,64.912,64.912,62.572,63.079,519
2014-09-24,62.572,63.268,62.487,63.268,223
2014-09-25,64.31,64.31,62.868,62.868,1258
2014-09-26,62.429,63.308,62.429,63.308,122
2014-09-29,63.049,63.871,63.049,63.642,404
2014-09-30,64.196,64.426,63.862,63.862,176
2014-10-01,63.91,63.996,63.527,63.527,149
2014-10-02,64.902,64.902,62.114,62.142,844
2014-10-03,62.306,63.804,62.306,63.804,154
2014-10-06,64.005,64.501,64.005,64.148,281
2014-10-07,64.292,64.292,63.145,63.718,153
2014-10-08,64.578,64.578,62.572,62.58,1408
2014-10-09,63.135,63.278,62.858,62.858,251
2014-10-10,64.492,64.492,61.922,62.237,293
2014-10-13,64.836,64.836,60.967,61.139,590
2014-10-14,60.662,61.416,60.279,61.042,699
2014-10-15,62.095,62.095,58.846,60.652,541
2014-10-16,60.174,60.174,58.626,59.707,689
2014-10-17,60.002,60.967,60.002,60.967,413
2014-10-20,61.951,61.951,60.92,61.129,570
2014-10-21,61.042,62.572,61.042,62.572,877
2014-10-22,62.763,63.527,62.763,63.527,194
2014-10-23,64.386,64.386,62.974,63.68,117
2014-10-24,63.68,63.758,63.346,63.758,478
2014-10-27,64.005,64.072,63.766,63.766,236
2014-10-28,62.095,64.092,62.095,64.092,135
2014-10-29,63.996,64.568,63.986,64.568,209
2014-10-30,64.282,64.942,64.282,64.942,92
2014-10-31,65.62,66.154,65.62,65.83,256
2014-11-03,65.916,66.756,65.916,66.679,1431
2014-11-04,67.826,67.826,66.394,66.394,551
2014-11-05,66.299,67.072,66.299,66.871,3007
2014-11-06,67.348,67.348,66.728,67.348,243
2014-11-07,67.979,68.065,67.348,67.826,202
2014-11-10,69.736,69.736,67.252,67.664,191
2014-11-12,67.826,67.826,67.033,67.405,4172
2014-11-13,69.736,69.736,67.826,68.026,530
2014-11-14,68.303,68.303,67.635,67.768,275
2014-11-17,67.826,67.826,67.405,67.807,242
2014-11-18,66.938,67.645,65.916,67.645,1259
2014-11-19,67.826,67.826,67.453,67.453,78
2014-11-20,67.158,67.158,66.775,67.158,1013
2014-11-21,67.301,68.801,67.301,68.618,346
2014-11-24,68.782,68.782,68.046,68.542,281
2014-11-25,69.21,69.21,68.056,68.056,921
2014-11-26,69.736,69.736,67.74,67.74,472
2014-11-27,69.26,69.26,68.075,68.141,109
2014-11-28,69.736,69.736,68.018,68.198,129
2014-12-01,69.726,69.726,67.396,67.396,390
2014-12-02,69.24,69.24,66.928,67.912,416
2014-12-03,68.782,68.782,68.228,68.495,386
2014-12-04,68.399,68.801,67.722,67.722,978
2014-12-05,69.451,70.682,67.922,68.982,754
2014-12-08,69.736,69.736,68.858,68.906,208
2014-12-09,69.69,69.69,66.871,67.119,1654
2014-12-10,69.588,69.588,67.224,67.273,1973
2014-12-11,67.321,67.984,66.687,67.984,1522
2014-12-12,68.021,68.021,66.39,66.39,641
2014-12-15,67.224,67.224,65.649,65.919,453
2014-12-16,64.344,65.899,63.479,65.784,1036
2014-12-17,67.081,67.081,65.784,66.437,735
2014-12-18,69.146,69.377,68.061,69.328,933
2014-12-19,69.377,70.836,69.377,70.672,617
2014-12-22,71.067,71.067,70.317,71.027,778
2014-12-23,71.067,72.045,70.634,72.016,6719
2014-12-29,75.359,75.359,71.604,72.267,4789
2014-12-30,72.026,72.593,71.44,72.131,1611
2015-01-02,72.671,72.698,72.411,72.698,7476
2015-01-05,72.564,73.947,71.882,71.921,1312
2015-01-07,71.585,72.468,71.585,72.421,2656
2015-01-08,72.421,73.371,72.421,73.352,1150
2015-01-09,73.38,73.554,72.276,72.487,2467
2015-01-12,72.421,73.189,72.008,72.431,1608
2015-01-13,72.171,73.678,70.106,73.458,685
2015-01-14,72.065,72.468,70.663,71.326,7112
2015-01-15,71.431,73.179,71.431,73.179,792
2015-01-16,72.698,73.803,71.845,73.66,1520
2015-01-19,73.947,74.005,73.467,73.976,4501
2015-01-20,74.331,74.629,73.928,73.957,739
2015-01-21,74.428,74.428,72.939,73.573,1493
2015-01-22,73.66,75.292,73.591,75.292,448
2015-01-23,75.965,76.876,75.57,75.58,1068
2015-01-26,75.551,75.771,75.023,75.58,685
2015-01-27,75.675,75.675,73.573,74.015,1417
2015-01-28,77.194,77.194,74.408,74.62,156
2015-01-29,74.13,74.13,72.008,72.833,5657
2015-01-30,73.909,73.909,72.892,73.275,552
2015-02-02,72.593,72.698,71.643,72.237,2457
2015-02-03,72.987,73.688,72.892,73.14,2075
2015-02-04,73.467,74.188,72.632,73.304,420
2015-02-05,73.371,73.66,73.371,73.66,92
2015-02-06,73.976,74.61,73.275,74.428,441
2015-02-09,73.919,74.428,73.919,74.14,183
2015-02-10,74.514,75.109,74.514,74.763,5885
2015-02-11,75.484,75.867,75.292,75.867,206
2015-02-12,75.629,76.779,74.956,75.292,824
2015-02-13,75.109,75.599,74.562,75.599,1803
2015-02-16,75.398,75.629,75.398,75.522,703
2015-02-17,75.685,75.84,75.513,75.695,613
2015-02-18,75.551,76.012,75.494,75.867,546
2015-02-19,75.425,75.656,75.196,75.57,107
2015-02-20,75.84,76.319,75.619,75.735,843
2015-02-23,76.291,76.608,76.223,76.348,274
2015-02-24,76.723,76.723,76.253,76.387,445
2015-02-25,76.233,76.348,75.867,76.223,120
2015-02-26,76.213,76.829,76.107,76.829,729
2015-02-27,76.829,77.125,76.243,77.001,563
2015-03-02,77.145,77.145,76.713,76.829,455
2015-03-03,77.281,77.597,77.116,77.116,9167
2015-03-04,77.444,77.558,76.829,77.194,523
2015-03-05,77.404,77.52,77.194,77.424,492
2015-03-06,77.501,78.442,77.308,78.308,1042
2015-03-09,76.829,77.75,76.646,77.597,1342
2015-03-10,78.01,78.672,77.404,78.672,9198
2015-03-11,78.568,78.749,78.029,78.749,1121
2015-03-12,78.249,78.999,78.058,78.999,840
2015-03-13,79.709,80.189,79.076,79.517,9801
2015-03-16,79.652,79.892,78.73,79.892,1833
2015-03-17,79.728,80.027,79.094,79.758,2776
2015-03-18,79.902,79.902,79.326,79.326,507
2015-03-19,81.63,81.63,79.517,79.95,969
2015-03-20,79.853,79.958,79.154,79.958,790
2015-03-23,79.709,79.709,77.713,78.298,807
2015-03-24,77.78,78.202,71.354,78.049,9799
2015-03-25,78.749,78.749,75.867,76.253,1167
2015-03-26,74.466,75.735,74.331,75.484,1484
2015-03-27,79.47,79.47,76.061,76.608,530
2015-03-30,76.829,77.453,76.829,76.972,315
2015-03-31,77.74,78.135,77.491,77.713,1843
2015-04-01,76.733,77.116,76.291,76.742,952
2015-04-02,76.185,76.301,75.771,76.117,629
2015-04-07,76.483,76.829,76.348,76.646,6804
2015-04-08,76.291,76.291,75.215,76.271,6667
2015-04-09,76.319,77.79,76.157,77.79,7194
2015-04-10,77.79,78.385,77.79,77.923,4917
2015-04-13,77.923,78.749,77.923,78.653,1348
2015-04-14,78.653,78.653,77.145,77.434,494
2015-04-15,77.434,78.701,77.395,78.624,10850
2015-04-16,78.212,78.212,77.577,78.086,1279
2015-04-17,77.567,77.567,76.291,76.608,1751
2015-04-20,76.608,77.021,76.443,76.443,599
2015-04-21,77.444,77.607,76.453,77.308,17816
2015-04-22,76.915,77.308,75.993,77.308,5819
2015-04-23,77.308,77.308,76.742,77.021,214
2015-04-24,77.011,77.261,76.829,77.261,1479
2015-04-27,77.424,77.424,76.713,76.713,416
2015-04-28,76.473,76.617,75.735,75.867,752
2015-04-29,75.811,75.877,74.389,74.61,5877
2015-04-30,74.716,74.716,73.822,74.697,1435
2015-05-04,74.917,75.725,74.917,75.513,849
2015-05-05,75.867,75.867,74.716,75.033,1022
2015-05-06,74.398,74.831,73.324,73.419,691
2015-05-07,73.333,73.947,72.507,73.947,1880
2015-05-08,73.986,75.475,73.986,75.475,2637
2015-05-11,75.744,75.867,75.744,75.867,563
2015-05-12,76.061,76.061,74.908,75.494,338
2015-05-13,75.531,75.531,74.62,74.793,258
2015-05-14,74.735,74.735,74.408,74.408,99
2015-05-15,74.744,74.993,74.361,74.361,128
2015-05-18,74.168,74.908,74.082,74.908,325
2015-05-19,75.484,76.54,75.484,76.443,288
2015-05-20,76.617,76.829,76.348,76.829,603
2015-05-21,76.829,77.471,76.291,77.212,6899
2015-05-22,77.308,78.422,76.829,78.422,990
2015-05-25,78.422,78.749,76.829,78.749,176
2015-05-26,78.778,79.672,78.778,79.22,6375
2015-05-27,79.094,79.326,79.028,79.326,1659
2015-05-28,79.249,79.412,78.749,79.316,5925
2015-05-29,79.162,79.162,77.79,78.298,5905
2015-06-01,79.134,79.134,78.653,78.653,166
2015-06-02,78.568,78.577,76.829,77.203,725
2015-06-03,77.414,77.77,76.829,76.829,1988
2015-06-05,76.733,76.925,76.54,76.925,690
2015-06-08,77.116,77.116,76.733,76.733,1032
2015-06-09,76.031,76.407,75.244,76.407,2368
2015-06-10,76.012,76.012,75.389,75.821,139
2015-06-11,76.549,77.039,75.945,76.895,634
2015-06-12,76.742,77.059,76.636,76.636,134
2015-06-15,76.463,76.463,75.965,75.965,56
2015-06-16,75.705,75.821,74.993,75.675,490
2015-06-17,76.589,76.839,76.061,76.839,72
2015-06-18,76.176,76.771,75.244,76.771,169
2015-06-19,76.819,77.597,76.819,77.165,497
2015-06-22,77.116,77.318,76.483,77.318,610
2015-06-23,78.749,78.749,77.644,78.192,393
2015-06-24,77.79,78.442,77.79,78.442,65
2015-06-25,77.886,78.192,77.79,77.79,58
2015-06-26,77.567,78.066,77.501,78.066,167
2015-06-29,79.709,79.709,77.308,77.587,2199
2015-06-30,76.176,76.992,76.176,76.925,369
2015-07-01,76.752,77.693,76.752,77.607,220
2015-07-02,77.79,77.79,77.693,77.693,257
2015-07-03,77.75,77.75,77.03,77.597,224
2015-07-06,77.79,77.79,76.944,77.79,1437
2015-07-07,78.124,78.745,78.124,78.269,765
2015-07-08,77.706,78.677,76.948,78.288,908
2015-07-09,77.706,78.386,77.706,78.143,1288
2015-07-10,77.706,77.706,76.589,76.676,1773
2015-07-13,76.676,78.094,76.676,78.094,346
2015-07-14,78.191,78.376,77.482,78.376,324
2015-07-15,78.357,78.871,78.357,78.871,292
2015-07-16,79.162,79.308,79.065,79.308,3230
2015-07-17,79.261,79.308,79.261,79.308,141
2015-07-20,79.357,80.29,79.308,80.028,1126
2015-07-21,80.474,80.474,79.046,79.561,681
2015-07-22,79.094,79.094,78.231,78.968,366
2015-07-23,79.211,79.211,78.677,78.677,296
2015-07-24,78.511,78.511,78.191,78.191,42
2015-07-27,77.9,77.9,75.628,76.414,1271
2015-07-28,76.53,76.832,76.53,76.647,80
2015-07-29,77.637,77.949,77.609,77.832,191
2015-07-30,78.104,78.841,78.104,78.841,282
2015-07-31,79.269,79.348,78.405,78.434,6250
2015-08-03,78.764,78.764,77.997,78.531,882
2015-08-04,78.618,78.901,78.414,78.901,404
2015-08-05,78.929,79.988,78.871,79.988,655
2015-08-06,79.454,79.988,79.357,79.357,556
2015-08-07,79.114,79.114,79.114,79.114,157
2015-08-10,78.958,79.638,78.211,79.638,109
2015-08-11,79.027,79.154,78.589,78.841,137
2015-08-12,77.861,77.861,76.326,76.326,773
2015-08-13,77.657,78.386,77.511,77.511,82
2015-08-14,77.706,77.744,77.366,77.609,197
2015-08-17,77.22,77.871,76.092,76.092,127
2015-08-18,78.386,78.386,78.191,78.366,697
2015-08-19,78.376,78.376,78.191,78.191,36
2015-08-20,77.511,77.511,76.152,76.345,348
2015-08-21,74.87,74.87,73.694,73.694,1643
2015-08-24,70.42,70.8,63.438,69.935,5586
2015-08-25,68.935,71.052,68.935,70.877,7340
2015-08-26,69.343,71.091,68.953,70.227,6074
2015-08-27,71.004,74.792,71.004,73.811,11551
2015-08-28,74.17,74.18,73.169,74.18,1200
2015-08-31,73.918,74.111,73.48,74.005,476
2015-09-01,72.402,72.402,71.44,71.684,10894
2015-09-02,72.529,72.645,71.878,71.985,454
2015-09-03,72.402,74.043,72.402,74.043,5361
2015-09-04,73.14,73.14,71.926,71.926,5614
2015-09-07,72.645,72.889,72.645,72.859,179
2015-09-08,73.713,73.713,73.432,73.432,193
2015-09-09,74.199,74.675,73.82,73.918,5248
2015-09-10,72.422,74.695,71.829,72.596,5402
2015-09-11,72.315,72.315,71.684,71.684,25
2015-09-14,72.169,72.655,72.169,72.363,183
2015-09-15,72.47,72.47,71.878,72.305,131
2015-09-16,72.782,73.519,72.782,73.14,369
2015-09-17,73.82,73.82,73.238,73.238,184
2015-09-18,72.966,72.966,71.684,72.266,11511
2015-09-21,72.266,72.675,71.732,72.675,3118
2015-09-22,73.306,73.306,71.829,71.829,5229
2015-09-23,72.121,72.849,72.121,72.373,913
2015-09-24,72.363,72.363,71.489,71.654,104
2015-09-25,72.849,73.636,72.849,73.256,49
2015-09-28,71.198,72.869,71.198,72.023,176
2015-09-29,69.954,71.11,69.954,70.605,291
2015-09-30,71.625,71.878,71.13,71.878,907
2015-10-01,73.306,73.354,72.169,72.169,181
2015-10-02,72.489,73.169,70.907,71.752,805
2015-10-05,72.859,73.82,72.636,73.82,2791
2015-10-06,74.296,74.598,74.296,74.461,226
2015-10-07,74.461,74.995,73.82,74.015,3343
2015-10-08,74.238,74.306,73.675,74.209,12385
2015-10-09,75.278,75.278,74.481,74.5,99
2015-10-12,75.278,75.278,74.355,74.355,216
2015-10-13,74.355,74.52,74.335,74.52,145
2015-10-14,73.946,74.015,73.529,73.529,91
2015-10-15,74.792,74.792,73.82,73.82,33
2015-10-16,74.792,75.345,74.792,75.161,253
2015-10-19,75.083,75.665,75.083,75.665,173
2015-10-20,75.665,75.665,74.792,74.811,152
2015-10-21,75.432,76.52,75.432,75.909,680
2015-10-22,76.345,76.345,76.219,76.239,152
2015-10-23,77.909,79.162,77.909,78.764,677
2015-10-26,78.764,79.648,78.764,79.648,385
2015-10-27,79.648,79.648,79.162,79.571,127
2015-10-28,79.648,80.134,79.551,80.134,472
2015-10-29,80.668,81.27,80.425,80.93,8691
2015-10-30,80.62,81.057,79.978,79.978,8176
2015-11-02,79.551,80.056,79.551,79.706,257
2015-11-03,80.765,81.31,80.328,81.31,3898
2015-11-04,81.707,81.883,81.397,81.397,1199
2015-11-05,82.563,82.563,81.202,81.397,2235
2015-11-06,81.65,82.563,81.163,82.057,519
2015-11-09,82.563,82.844,81.883,81.883,1469
2015-11-10,81.902,82.077,81.144,82.077,1402
2015-11-12,81.417,81.775,80.648,80.814,689
2015-11-13,80.28,80.445,79.921,80.348,437
2015-11-16,79.493,80.182,78.851,80.182,592
2015-11-17,81.59,81.678,81.105,81.407,3004
2015-11-18,81.542,81.883,81.407,81.883,84
2015-11-19,82.223,82.854,82.223,82.688,475
2015-11-20,82.524,82.65,81.804,82.464,1695
2015-11-23,82.563,83.524,82.563,83.524,670
2015-11-24,84.204,84.204,82.417,82.66,322
2015-11-25,83.048,84.087,83.038,84.078,2196
2015-11-26,84.116,84.456,84.116,84.281,256
2015-11-27,83.941,84.281,83.534,83.922,1723
2015-11-30,84.078,84.573,83.534,84.446,1377
2015-12-01,84.269,84.269,83.299,83.759,3566
2015-12-02,84.416,84.984,84.122,84.749,297
2015-12-03,84.24,84.602,82.77,82.77,4322
2015-12-04,81.623,82.26,80.584,82.26,686
2015-12-07,82.642,83.494,82.221,82.221,6443
2015-12-08,82.427,82.427,81.3,81.3,78
2015-12-09,82.084,82.084,80.868,81.613,814
2015-12-10,86.229,86.229,80.388,81.731,355
2015-12-11,80.662,81.368,78.83,79.908,2454
2015-12-14,79.908,80.231,79.222,79.222,298
2015-12-15,79.29,81.093,79.29,81.093,613
2015-12-16,81.005,81.338,80.75,80.75,432
2015-12-17,81.936,83.789,80.917,81.241,2039
2015-12-18,80.006,80.261,79.28,79.28,9572
2015-12-21,78.859,79.212,78.35,78.399,875
2015-12-22,78.771,78.771,77.742,78.35,549
2015-12-23,78.389,79.996,78.389,79.996,410
2015-12-28,83.249,83.249,79.3,79.467,1553
2015-12-29,79.722,80.339,79.722,80.251,846
2015-12-30,80.359,80.555,78.889,80.359,524
2016-01-04,83.299,83.299,78.399,79.28,5848
2016-01-05,83.289,83.289,79.771,80.437,330
2016-01-07,83.24,83.24,77.272,78.35,1644
2016-01-08,79.379,79.379,77.497,77.81,604
2016-01-11,76.988,77.174,76.438,76.664,1392
2016-01-12,76.841,78.163,76.684,78.017,1265
2016-01-13,77.908,78.399,77.419,77.419,368
2016-01-14,75.949,77.36,74.95,77.36,600
2016-01-15,77.232,77.232,74.607,75.684,496
2016-01-18,74.607,77.908,74.607,77.154,1705
2016-01-19,78.144,78.311,77.154,77.154,295
2016-01-20,75.253,75.704,74.998,75.429,599
2016-01-21,75.851,77.82,75.802,77.82,622
2016-01-22,77.82,78.085,77.81,78.085,141
2016-01-25,77.908,78.35,77.634,78.251,552
2016-01-26,77.115,77.81,76.537,77.81,791
2016-01-27,77.81,78.095,77.81,78.095,47
2016-01-28,78.399,78.399,76.605,76.821,7169
2016-01-29,76.831,78.223,76.831,78.163,209
2016-02-01,78.399,78.399,77.34,77.34,128
2016-02-02,77.782,77.782,77.124,77.124,256
2016-02-03,77.321,77.321,75.165,75.214,847
2016-02-04,75.949,75.949,74.968,75.048,2048
2016-02-05,75.537,75.694,74.968,75.273,246
2016-02-08,75.273,75.273,73.352,74.479,365
2016-02-09,73.793,73.793,71.539,71.539,2001
2016-02-10,74.459,74.459,72.45,73.499,1368
2016-02-11,76.428,76.428,70.559,71.049,369
2016-02-12,71.48,72.519,71.48,72.519,1147
2016-02-15,73.93,74.753,73.881,74.753,189
2016-02-16,74.479,74.675,74.479,74.557,82
2016-02-17,74.851,75.459,74.685,75.459,82
2016-02-18,76.438,76.438,75.949,75.949,272
2016-02-19,75.949,76.233,75.371,75.371,167
2016-02-22,76.037,76.919,75.752,76.919,72
2016-02-23,76.664,77.203,76.213,77.203,540
2016-02-24,76.703,76.703,75.459,75.459,123
2016-02-25,76.282,76.978,76.282,76.488,257
2016-02-26,78.291,78.291,77.419,78.233,347
2016-02-29,77.301,77.908,76.909,77.487,323
2016-03-01,77.595,77.595,77.595,77.595,171
2016-03-02,78.536,79.28,78.536,78.987,277
2016-03-03,79.369,79.369,78.693,78.693,138
2016-03-04,79.163,79.222,78.644,78.644,230
2016-03-07,78.771,78.977,78.399,78.399,304
2016-03-08,79.379,79.379,77.556,77.556,1071
2016-03-09,77.419,78.585,77.419,78.203,225
2016-03-10,78.594,79.379,78.144,79.379,1256
2016-03-11,78.291,78.526,77.713,77.713,2679
2016-03-14,78.271,78.271,77.664,78.163,3134
2016-03-15,77.899,77.899,77.899,77.899,66
2016-03-16,79.379,79.379,78.007,78.526,10298
2016-03-17,77.664,77.664,75.459,77.389,5323
2016-03-18,77.389,77.722,77.379,77.419,90
2016-03-21,77.625,77.722,77.625,77.722,14
2016-03-22,78.007,78.105,77.713,77.713,122
2016-03-23,78.369,78.369,78.153,78.153,71
2016-03-24,75.978,77.968,75.949,77.948,5519
2016-03-29,77.977,77.987,76.978,77.517,286
2016-03-30,77.664,77.908,77.34,77.34,10574
2016-03-31,77.419,77.86,77.37,77.419,237
2016-04-01,76.988,76.988,75.851,76.546,613
2016-04-04,77.908,77.948,77.732,77.762,197
2016-04-05,77.35,77.35,76.929,77.115,69
2016-04-06,77.409,77.467,77.106,77.106,1529
2016-04-07,78.134,78.134,77.124,77.575,2285
2016-04-08,77.458,78.017,77.458,78.017,431
2016-04-11,77.517,77.683,76.958,77.232,225
2016-04-12,77.046,77.565,76.468,77.565,503
2016-04-13,78.134,78.967,78.134,78.967,261
2016-04-14,79.202,79.888,79.202,79.379,5550
2016-04-15,80.055,80.055,79.192,79.575,71
2016-04-18,79.182,79.3,78.732,79.3,388
2016-04-19,80.202,80.309,79.868,79.938,8016
2016-04-20,80.349,80.349,79.379,79.868,2700
2016-04-21,79.693,80.349,79.693,80.114,79
2016-04-22,80.8,81.192,80.506,80.75,263
2016-04-25,82.309,82.309,81.338,81.633,198
2016-04-26,81.809,81.809,81.535,81.535,111
2016-04-27,81.633,81.819,80.76,81.496,340
2016-04-28,81.535,81.535,80.937,81.241,56
2016-04-29,80.359,80.78,79.065,79.065,10612
2016-05-02,79.379,79.467,79.134,79.222,307
2016-05-04,79.477,79.477,78.496,79.124,2761
2016-05-05,79.379,80.163,79.379,80.163,79
2016-05-06,80.163,80.163,79.202,79.202,1010
2016-05-09,79.751,80.692,79.751,80.231,8428
2016-05-10,81.065,81.123,80.417,81.065,2132
2016-05-11,81.819,81.819,81.27,81.28,330
2016-05-12,80.78,81.192,80.359,80.359,242
2016-05-13,80.359,80.652,79.575,80.652,10221
2016-05-16,79.956,79.956,78.947,78.947,388
2016-05-17,80.153,80.153,79.673,79.82,90
2016-05-18,81.819,81.819,80.163,80.163,266
2016-05-19,80.574,80.604,79.868,79.868,227
2016-05-20,81.182,81.182,80.849,81.093,110
2016-05-23,81.26,81.554,81.26,81.554,14
2016-05-24,81.819,83.093,81.819,83.073,1842
2016-05-25,82.495,83.289,82.495,83.289,646
2016-05-27,83.103,83.103,82.397,82.71,198
2016-05-30,83.289,83.769,82.975,83.299,688
2016-05-31,83.573,83.573,82.672,83.221,498
2016-06-01,83.377,83.377,82.367,82.808,411
2016-06-02,82.808,82.808,82.309,82.329,988
2016-06-03,83.534,83.534,81.329,81.436,811
2016-06-06,81.436,81.868,81.338,81.751,91
2016-06-07,81.761,81.839,81.241,81.662,251
2016-06-08,81.505,81.505,80.937,80.937,655
2016-06-09,80.967,81.358,80.8,80.888,432
2016-06-10,81.731,81.887,81.074,81.731,167
2016-06-13,81.26,81.486,81.26,81.486,2745
2016-06-14,81.809,82.701,81.809,82.701,402
2016-06-15,82.573,82.71,82.319,82.564,149
2016-06-16,81.966,82.926,81.966,82.878,1924
2016-06-17,82.798,82.798,82.613,82.613,112
2016-06-20,82.024,82.094,81.731,82.044,195
2016-06-21,81.691,83.299,81.348,82.319,917
2016-06-22,82.504,82.504,81.106,81.146,188
2016-06-23,81.721,81.87,81.721,81.751,680
2016-06-24,81.731,81.751,78.4,81.751,655
2016-06-27,83.287,83.287,82.811,83.158,75
2016-06-28,82.147,82.147,81.156,81.83,612
2016-06-29,82.554,82.663,82.266,82.663,157
2016-06-30,82.811,83.297,82.712,83.297,426
2016-07-01,83.297,84.209,83.297,84.209,116
2016-07-04,84.278,84.913,84.278,84.685,462
2016-07-05,84.754,84.754,83.575,84.298,1810
2016-07-06,84.506,84.774,83.961,84.348,144
2016-07-07,84.368,85.2,84.249,85.101,774
2016-07-08,85.101,85.101,84.873,85.091,274
2016-07-11,86.221,86.509,85.755,85.944,9358
2016-07-12,86.092,86.568,85.488,86.439,8848
2016-07-13,86.737,86.757,85.855,86.241,1279
2016-07-14,86.885,87.084,86.727,86.935,5641
2016-07-15,86.578,87.133,86.439,87.133,322
2016-07-18,87.232,87.262,86.539,86.677,5924
2016-07-19,86.439,86.608,86.33,86.33,167
2016-07-20,86.657,87.411,86.598,87.153,15241
2016-07-21,87.074,87.133,86.053,86.053,15464
2016-07-22,86.638,86.687,86.439,86.439,169
2016-07-25,86.776,87.272,86.241,86.281,15558
2016-07-26,86.37,86.985,86.291,86.717,286
2016-07-27,86.737,87.421,86.737,87.421,238
2016-07-28,86.548,86.548,85.488,85.934,10454
2016-07-29,87.232,87.232,85.547,85.627,263
2016-08-01,88.224,90.008,85.171,85.795,2086
2016-08-02,85.002,85.002,83.505,83.505,817
2016-08-03,84.169,84.249,83.505,83.912,2138
2016-08-04,88.977,88.977,84.259,84.358,362
2016-08-05,88.888,88.888,84.159,84.159,163
2016-08-08,85.448,85.607,84.853,85.151,355
2016-08-09,85.042,85.071,84.179,84.933,702
2016-08-10,84.506,84.536,83.961,84.249,303
2016-08-11,83.664,84.387,83.664,84.358,117
2016-08-12,84.606,84.635,83.941,83.941,347
2016-08-16,88.184,88.184,82.91,83.703,535
2016-08-17,83.654,84.06,83.238,83.951,410
2016-08-18,83.168,83.783,83.168,83.267,333
2016-08-19,83.743,83.892,83.743,83.763,271
2016-08-22,83.793,84.259,83.129,84.259,167
2016-08-23,84.209,84.318,83.515,84.259,345
2016-08-24,84.506,84.506,84.259,84.259,97
2016-08-25,83.129,83.565,83.129,83.565,135
2016-08-26,84.516,84.516,83.813,84.457,400
2016-08-29,84.457,85.052,84.457,85.052,2003
2016-08-30,85.25,85.448,85.25,85.299,71
2016-08-31,86.043,86.241,85.537,86.241,695
2016-09-01,86.241,86.459,85.646,85.646,249
2016-09-02,85.775,85.785,85.349,85.587,193
2016-09-05,85.448,86.34,85.448,86.211,216
2016-09-06,85.964,85.964,85.25,85.299,307
2016-09-07,85.24,85.319,85.032,85.151,129
2016-09-08,85.032,85.131,84.259,84.259,245
2016-09-09,84.734,84.784,84.07,84.744,635
2016-09-12,82.544,84.021,81.81,84.001,1358
2016-09-13,84.001,84.259,83.267,83.267,134
2016-09-14,83.257,83.773,83.257,83.267,262
2016-09-15,83.178,83.178,82.623,82.742,92
2016-09-16,83.386,83.753,82.871,82.871,265
2016-09-19,83.426,84.041,83.317,83.733,607
2016-09-20,83.416,83.832,83.069,83.168,17041
2016-09-21,84.001,84.12,84.001,84.041,270
2016-09-22,83.644,84.001,83.644,83.971,371
2016-09-23,83.535,84.437,83.535,84.437,98
2016-09-26,84.11,84.11,83.079,83.634,156
2016-09-27,83.644,83.644,83.347,83.366,88
2016-09-28,83.277,84.13,83.277,83.951,743
2016-09-29,83.793,84.259,83.773,84.11,50
2016-09-30,83.981,84.695,83.981,84.695,262
2016-10-03,84.14,84.189,83.813,83.813,147
2016-10-04,84.536,84.715,84.011,84.368,255
2016-10-05,83.892,84.021,83.267,83.267,347
2016-10-06,83.624,84.1,83.624,84.011,43
2016-10-07,84.011,84.278,83.674,83.852,1549
2016-10-10,84.12,84.12,83.753,84.06,274
2016-10-11,84.278,84.278,84.259,84.259,87
2016-10-12,84.259,84.615,84.189,84.615,568
2016-10-13,84.437,84.457,83.575,83.941,496
2016-10-14,83.713,84.754,83.713,84.754,83
2016-10-17,84.754,84.754,84.754,84.754,320
2016-10-18,85.111,85.18,85.111,85.111,460
2016-10-19,85.319,85.567,85.319,85.567,70
2016-10-20,85.319,85.547,85.28,85.547,209
2016-10-21,85.547,85.845,85.547,85.845,306
2016-10-24,86.043,86.241,86.043,86.241,265
2016-10-25,86.727,86.727,86.499,86.539,247
2016-10-26,86.142,86.142,85.428,85.765,447
2016-10-27,86.529,86.529,86.281,86.281,168
2016-10-28,85.765,86.112,85.636,86.112,573
2016-10-31,85.755,85.755,84.943,85.518,409
2016-11-02,86.608,86.608,82.504,82.722,960
2016-11-03,82.871,83.049,82.871,83.039,301
2016-11-04,82.752,82.752,82.425,82.425,388
2016-11-07,83.991,84.259,83.961,84.169,637
2016-11-08,84.298,84.982,84.269,84.635,375
2016-11-09,81.324,85.25,81.324,85.25,3002
2016-11-10,87.183,88.521,87.183,88.253,1647
2016-11-14,90.385,90.454,89.77,90.405,1251
2016-11-15,90.206,91.188,89.602,91.039,16286
2016-11-16,91.693,91.931,91.207,91.396,9418
2016-11-17,91.862,91.862,91.485,91.812,1502
2016-11-18,92.833,93.299,92.784,92.793,5365
2016-11-21,92.684,92.962,92.02,92.784,446
2016-11-22,92.883,93.388,92.883,92.883,5511
2016-11-23,92.387,94.201,92.387,94.201,10654
2016-11-24,94.459,94.469,93.18,93.269,852
2016-11-25,93.18,93.705,92.694,92.774,5234
2016-11-28,93.18,94.033,92.684,94.003,5201
2016-11-29,93.656,94.043,93.656,93.815,94
2016-11-30,93.973,94.667,93.686,94.27,1416
2016-12-01,93.785,94.479,93.23,94.29,5230
2016-12-02,95.163,95.163,93.676,94.062,225
2016-12-05,94.171,94.736,93.616,93.616,958
2016-12-06,93.864,93.993,93.18,93.18,375
2016-12-07,93.22,93.477,92.536,92.784,6960
2016-12-08,93.309,96.481,93.309,96.481,241
2016-12-09,95.995,96.451,95.044,96.451,889
2016-12-12,96.65,96.947,95.956,96.65,11327
2016-12-13,96.3,96.65,96.3,96.6,216
2016-12-14,96.4,96.9,95.67,95.67,5491
2016-12-15,97.74,98.36,97,98.36,353
2016-12-16,98.15,98.15,96.8,96.98,10679
2016-12-19,97.61,97.61,97.29,97.49,346
2016-12-20,97.75,98.26,97.42,97.9,3587
2016-12-21,98.14,98.39,97.6,97.6,550
2016-12-22,97.53,97.61,96.71,97.25,1050
2016-12-23,97.71,97.71,96.5,96.51,5747
2016-12-27,97.27,97.66,96.53,97.66,593
2016-12-28,97.55,98.38,97.55,98,5581
2016-12-29,96.78,97.1,96.23,96.54,6254
2016-12-30,96.79,96.79,95,95,5939
2017-01-02,99.99,99.99,98,98,191
2017-01-03,96.89,97.61,96.1,97.1,419
2017-01-04,97.09,97.13,95.8,96.49,6013
2017-01-05,95.95,96.53,95.22,95.79,15901
2017-01-09,96.43,96.74,96.2,96.3,10266
2017-01-10,95.87,95.87,95.45,95.51,859
2017-01-11,95.93,96.88,95.78,96.88,251
2017-01-12,95.28,95.28,94.5,94.5,477
2017-01-13,94.67,95.99,94.5,95.99,5899
2017-01-16,95.65,95.93,95.09,95.62,570
2017-01-17,95.15,95.15,94,94.7,393
2017-01-18,94.86,94.86,94,94.53,676
2017-01-19,95.16,95.54,95.03,95.54,294
2017-01-20,94.79,94.9,94.06,94.9,10037
2017-01-23,94.09,94.4,94,94,425
2017-01-24,94,94.3,93.5,93.54,337
2017-01-25,94.32,95,93.87,95,3140
2017-01-26,94.65,95,94.65,95,273
2017-01-27,95.61,95.61,94.21,94.21,7097
2017-01-30,94.77,95.06,94,94,811
2017-01-31,93.55,94.32,92.78,92.78,2470
2017-02-01,93.61,93.61,93.06,93.06,376
2017-02-02,92.58,92.71,91.85,92.5,19538
2017-02-03,93,93,92.68,93,511
2017-02-06,93.83,93.85,93.42,93.5,610
2017-02-07,93.81,94.7,93.4,94.4,406
2017-02-08,94.73,94.8,94,94,83
2017-02-09,94.05,94.86,94.05,94.86,1314
2017-02-10,95.75,95.75,95,95.25,416
2017-02-13,95.91,96,95.74,96,162
2017-02-14,96.78,96.78,96.4,96.69,12936
2017-02-15,97.5,97.63,97.45,97.5,6452
2017-02-16,97.74,97.74,97,97.24,267
2017-02-17,97.16,97.5,97.16,97.36,7072
2017-02-20,98,98.19,97.92,97.95,702
2017-02-21,98.27,98.73,98.26,98.51,9174
2017-02-22,98.8,98.8,97.93,98.7,594